title,price
A Light in the ...,£51.77
,£51.77
Tipping the Velvet,£53.74
,£53.74
,£50.10
Sharp Objects,£47.82
,£47.82
Sapiens: A Brief History ...,£54.23
,£54.23
The Requiem Red,£22.65
,£22.65
The Dirty Little Secrets ...,£33.34
,£33.34
The Coming Woman: A ...,£17.93
,£17.93
The Boys in the ...,£22.60
,£22.60
The Black Maria,£52.15
,£52.15
Starving Hearts (Triangular Trade ...,£13.99
,£13.99
Shakespeare's Sonnets,£20.66
,£20.66
Set Me Free,£17.46
,£17.46
Scott Pilgrim's Precious Little ...,£52.29
,£52.29
Rip it Up and ...,£35.02
,£35.02
Our Band Could Be ...,£57.25
,£57.25
,£23.88
Mesaerion: The Best Science ...,£37.59
,£37.59
Libertarianism for Beginners,£51.33
,£51.33
It's Only the Himalayas,£45.17
,£45.17
In Her Wake,£12.84
,£12.84
How Music Works,£37.32
,£37.32
Foolproof Preserving: A Guide ...,£30.52
,£30.52
Chase Me (Paris Nights ...,£25.27
,£25.27
Black Dust,£34.53
,£34.53
Birdsong: A Story in ...,£54.64
,£54.64
America's Cradle of Quarterbacks: ...,£22.50
,£22.50
Aladdin and His Wonderful ...,£53.13
,£53.13
Worlds Elsewhere: Journeys Around ...,£40.30
,£40.30
Wall and Piece,£44.18
,£44.18
The Four Agreements: A ...,£17.66
,£17.66
The Five Love Languages: ...,£31.05
,£31.05
The Elephant Tree,£23.82
,£23.82
The Bear and the ...,£36.89
,£36.89
Sophie's World,£15.94
,£15.94
Penny Maybe,£33.29
,£33.29
Maude (1883-1993):She Grew Up ...,£18.02
,£18.02
"In a Dark, Dark ...",£19.63
,£19.63
Behind Closed Doors,£52.22
,£52.22
You can't bury them ...,£33.63
,£33.63
